{
    "hotelName": "Miranda",
    "endsPoints": {
        "info": {
            "GET": "/info",
            "POST": "/login"
        },
        "private": {
            "/bookings": {
                "methods": {
                    "GET": [
                        "/",
                        "/:id"
                    ],
                    "POST": [
                        "/"
                    ],
                    "PUT": [
                        "/:id"
                    ],
                    "DELETE": [
                        "/:id"
                    ]
                }
            },
            "/rooms": {
                "methods": {
                    "GET": [
                        "/",
                        "/:id"
                    ],
                    "POST": [
                        "/"
                    ],
                    "PUT": [
                        "/:id"
                    ],
                    "DELETE": [
                        "/:id"
                    ]
                }
            },
            "/contacts": {
                "methods": {
                    "GET": [
                        "/",
                        "/:id"
                    ],
                    "POST": [
                        "/"
                    ],
                    "PUT": [
                        "/:id"
                    ],
                    "DELETE": [
                        "/:id"
                    ]
                }
            },
            "/users": {
                "methods": {
                    "GET": [
                        "/",
                        "/:id"
                    ],
                    "POST": [
                        "/"
                    ],
                    "PUT": [
                        "/:id"
                    ],
                    "DELETE": [
                        "/:id"
                    ]
                }
            }
        }
    }
}
